idx,terminate_reason,time_to_goal_s,min_clearance_m,n_steps,mean_speed,wall_s
0,timeout,nan,3.120111763000488,300,1.7644587216774623,9.28
1,goal,5.8608,0.3158844575881958,176,3.329648013480685,5.33
2,timeout,nan,4.568896766662598,300,2.0306018425400056,9.09
